{
  "project_info": {
    "project_number": "388823746676",
    "firebase_url": "https://finalproject-d7ffe.firebaseio.com",
    "project_id": "finalproject-d7ffe",
    "storage_bucket": "finalproject-d7ffe.appspot.com"
  },
  "client": [
    {
      "client_info": {
        "mobilesdk_app_id": "1:388823746676:android:58868709ffc52f7a",
        "android_client_info": {
          "package_name": "com.example.finalproject"
        }
      },
      "oauth_client": [
        {
          "client_id": "388823746676-v86bf1n9onqqi7771nh76d6am2hns943.apps.googleusercontent.com",
          "client_type": 1,
          "android_info": {
            "package_name": "com.example.finalproject",
            "certificate_hash": "9c83d7d78c0f42d832b16c41499e2507eff6dce5"
          }
        },
        {
          "client_id": "388823746676-bhsfgp7qfbf863q071ihoai9fb3hv8ot.apps.googleusercontent.com",
          "client_type": 3
        }
      ],
      "api_key": [
        {
          "current_key": "AIzaSyAIBAQBu0kaceJQgLJvMNmw9YLzB4JYIXU"
        }
      ],
      "services": {
        "appinvite_service": {
          "other_platform_oauth_client": [
            {
              "client_id": "388823746676-bhsfgp7qfbf863q071ihoai9fb3hv8ot.apps.googleusercontent.com",
              "client_type": 3
            }
          ]
        }
      }
    }
  ],
  "configuration_version": "1"
}